"Female","Month","Repro","BCI","NewMeanGroup","Rain"
"1","Longnose","Sep","LPY","2",4.18,50.8
"2","Amanda","Jul","LPY","3",4.92,19
"3","Mollie","Jul","LPY","1",3,19
"4","Odette","Sep","LPY","3",6.09,50.8
"5","Alison","Oct","LPY","3",2.75,59.55
"6","Brigit","Sep","LPY","2",6.09,50.8
"7","Firefly","Sep","LPY","2",4.58,50.8
"8","Hazel","Sep","LPY","3",6.13,50.8
"9","Apanie","Oct","LPY","1",4.8,59.55
"10","Brigit","Oct","LPY","2",3.7,59.55
"11","Hazel","Oct","LPY","3",6.27,27.8
"12","Robin","Nov","LPY","1",3.22,37.1
"13","Sally","Jul","LPY","2",3.5,19
"14","Anne","Aug","LPY","2",6.09,19
"15","Lauren","Aug","LPY","2",4.2,12.75
"16","Alison","Sep","LPY","3",4.82,50.8
"17","Candice","Sep","LPY","3",8,50.8
"18","Celine","Sep","LPY","2",8.17,50.8
"19","Tilly","Sep","LPY","3",4.58,50.8
"20","Domino","Oct","LPY","2",4.09,59.55
"21","Ellie","Oct","LPY","1",3.63,59.55
"22","Goggles","Oct","LPY","3",3,59.55
"23","Hazel","Oct","LPY","3",4.13,59.55
"24","Kiwi","Oct","LPY","3",5.44,59.55
"25","Longnose","Oct","LPY","2",4.78,59.55
"26","Granite","Dec","LPY","2",7,78.5
"27","Shaddow","Dec","LPY","3",5.25,78.5
"28","Odette","Aug","LPY","3",6.2,54.5
"29","Longnose","Sep","LPY","2",6.83,6
"30","Stripes","Sep","LPY","2",5.08,50.8
"31","Dot","Oct","LPY","1",5.25,59.55
"32","Joy","Oct","LPY","3",4.38,59.55
"33","Tilly","Oct","LPY","3",3,59.55
"34","Themeda","Dec","LPY","3",5.11,78.5
"35","Apanie","Sep","LPY","2",17.81,2.8
"36","Candice","Sep","LPY","2",11.17,2.8
"37","Lauren","Sep","LPY","3",10.2,2.8
"38","Candice","Oct","LPY","2",2.85,27.8
"39","Darcy","Oct","LPY","1",8.17,27.8
"40","Shaddow","Oct","LPY","2",3.38,27.8
"41","Camilla","Nov","LPY","1",6,37.1
"42","Justine","Nov","LPY","1",2.33,37.1
"43","Delilah","Jan","LPY","1",3.63,101.45
"44","Blondie","Jun","LPY","2",2.7,20.3
"45","Dot","Jun","LPY","2",3.5,20.3
"46","Ansett","Sep","LPY","2",5.4,6
"47","Star","Sep","LPY","2",4.7,6
"48","Apanie","Oct","LPY","2",4.33,23.9
"49","Longnose","Jul","LPY","2",5.25,40.2
"50","Anna","Nov","LPY","2",5.25,92.45
"51","Bonnie","Jul","LPY","2",5.63,42.2
"52","Blondie","Aug","LPY","2",10.44,54.5
"53","Firefly","Aug","LPY","2",11.6,54.5
"54","Nina","Aug","LPY","2",11.9,54.5
"55","Stripes","Aug","LPY","2",6.67,54.5
"56","Celine","Sep","LPY","2",7.92,2.8
"57","Emma","Oct","LPY","2",7.09,27.8
"58","Justine","Oct","LPY","1",5.61,27.8
"59","Pebbles","Oct","LPY","1",12.18,27.8
"60","Enid","Feb","LPY","2",4.22,155.2
"61","Zaza","Sep","LPY","3",5.5,6
"62","Ellie","Oct","LPY","1",5.13,23.9
"63","Nikki","Nov","LPY","2",4.63,59.8
"64","Amber","May","LPY","2",7.56,68.4
"65","Jacquei","Aug","LPY","3",6.38,11
"66","Dot","Sep","LPY","1",11.93,49.8
"67","Jill","Aug","LPY","1",11.67,54.5
"68","Amber","Sep","LPY","2",17.67,2.8
"69","Dot","Sep","LPY","1",7.61,2.8
"70","Longnose","Sep","LPY","1",12,2.8
"71","Qantas","Sep","LPY","2",8.89,2.8
"72","Apanie","Oct","LPY","2",7.53,27.8
"73","Domino","Oct","LPY","2",6.82,27.8
"74","Jo","Oct","LPY","2",4.8,27.8
"75","Joy","Oct","LPY","2",5.46,27.8
"76","Candice","Jul","LPY","2",3.4,80.4
"77","Nina","Jul","LPY","2",4.85,80.4
"78","Hazel","Sep","LPY","3",4,6
"79","Lauren","Sep","LPY","2",10.3,6
"80","Robin","Jan","LPY","2",5.22,13.8
"81","Sally","Jan","LPY","1",6.36,13.8
"82","Blondie","Jul","LPY","2",6.3,42.2
"83","Ellie","Oct","LPY","1",7.47,27.8
"84","Candice","Aug","LPY","1",5.33,32.4
"85","Qantas","May","LPY","2",6.75,68.4
"86","Lauren","Aug","LPY","2",7.13,95.1
"87","Sally","Aug","LPY","3",7.56,95.1
"88","Jessie","Sep","LPY","3",4.5,80.5
"89","Lauren","Sep","LPY","3",3,80.5
"90","Stripes","Sep","LPY","3",5.4,80.5
"91","Bonnie","Oct","LPY","2",7,123.8
"92","Firefly","Oct","LPY","3",7.73,123.8
"93","Longnose","Oct","LPY","3",7.83,123.8
"94","Nikita","Oct","LPY","3",7.09,123.8
"95","Stripes","Oct","LPY","3",8.92,123.8
"96","Taz","Oct","LPY","3",6.5,123.8
"97","Camilla","Nov","LPY","3",5.9,80.6
"98","Celine","Nov","LPY","2",4.73,80.6
"99","Daisy","Nov","LPY","3",5.45,80.6
"100","Hazel","Nov","LPY","3",5.91,80.6
"101","Longnose","Nov","LPY","3",4.08,80.6
"102","Nikita","Nov","LPY","3",3.75,80.6
"103","Elizabeth","Dec","LPY","2",3.89,48.8
"104","Emma","Dec","LPY","3",5.5,48.8
"105","Opal","Dec","LPY","3",5.67,48.8
"106","Darcy","Jan","LPY","3",5,149.15
"107","Granite","Jan","LPY","1",2.25,149.15
"108","Darcy","Feb","LPY","2",8.33,135.3
"109","Shaddow","Feb","LPY","3",3.375,135.3
"110","Shaddow","Mar","LPY","3",3.89,30.45
"111","Susan","Mar","LPY","1",10.25,30.45
"112","Ivy","May","LPY","3",2.33,59.8
"113","Enid","Jun","LPY","3",3.4,47.1
"114","Sally","Jun","LPY","3",4.88,47.1
"115","Elizabeth","Jul","MPY","1",3.44,19
"116","Justine","Sep","MPY","1",6.13,50.8
"117","Lydia","Oct","MPY","2",5.36,59.55
"118","Hazel","Jul","MPY","2",5.29,19
"119","Blondie","Aug","MPY","2",6.64,19
"120","Elizabeth","Sep","MPY","2",4.44,50.8
"121","Camilla","Oct","MPY","1",3.91,59.55
"122","Darcy","Oct","MPY","1",4.3,59.55
"123","Delilah","Oct","MPY","1",4.17,59.55
"124","Dianne","Oct","MPY","3",4.4,59.55
"125","Jasmine","Oct","MPY","3",3.25,59.55
"126","Lumpy","Dec","MPY","1",3.73,78.5
"127","Blondie","Jul","MPY","3",4.85,19
"128","Dot","Jul","MPY","2",7.45,19
"129","Odette","Jul","MPY","3",4,19
"130","Stripes","Jul","MPY","2",4.8,19
"131","Tilly","Jul","MPY","2",6.45,19
"132","Alison","Aug","MPY","3",7.67,19
"133","Celine","Aug","MPY","2",6.17,12.75
"134","Ellie","Aug","MPY","1",5.25,12.75
"135","Odette","Aug","MPY","2",4.72,12.75
"136","Darcy","Sep","MPY","2",6.54,50.8
"137","Emma","Sep","MPY","1",3.67,50.8
"138","Esther","Sep","MPY","2",6.77,50.8
"139","Matilda","Sep","MPY","3",6.7,50.8
"140","Nikita","Sep","MPY","1",3.23,50.8
"141","Cotton","Oct","MPY","2",6.18,59.55
"142","Amy","Nov","MPY","1",3.44,92.45
"143","Mary","Nov","MPY","2",4.75,92.45
"144","Susan","Nov","MPY","2",3,92.45
"145","Dash","Dec","MPY","3",8.54,78.5
"146","Jacquei","Dec","MPY","3",8.45,78.5
"147","Robin","Dec","MPY","2",7.82,78.5
"148","Cotton","Aug","MPY","2",11.88,54.5
"149","Longnose","Aug","MPY","1",11.8,54.5
"150","Nina","Jun","MPY","3",2.75,20.3
"151","Blondie","Jul","MPY","3",4.15,40.2
"152","Nikki","Aug","MPY","2",7.83,11
"153","Helen","Sep","MPY","2",6.75,49.8
"154","Mollie","Sep","MPY","2",10.18,49.8
"155","Shaddow","Sep","MPY","2",3.73,49.8
"156","Bonnie","Jul","MPY","2",5.7,19
"157","Candice","Jul","MPY","2",6.11,19
"158","Deberah","Jul","MPY","1",4.13,19
"159","Firefly","Jul","MPY","2",6.25,19
"160","Longnose","Jul","MPY","1",5,19
"161","Qantas","Jul","MPY","3",5.36,19
"162","Camilla","Aug","MPY","2",4.7,12.75
"163","Deberah","Aug","MPY","1",4.67,12.75
"164","Firefly","Aug","MPY","3",6.9,12.75
"165","Goggles","Aug","MPY","2",7.09,12.75
"166","Jo","Aug","MPY","2",7.5,12.75
"167","Nikita","Aug","MPY","1",8.18,12.75
"168","Qantas","Aug","MPY","2",6.82,12.75
"169","Tilly","Aug","MPY","3",7.18,12.75
"170","Amanda","Sep","MPY","2",7.15,50.8
"171","Delilah","Sep","MPY","1",6.9,50.8
"172","Granite","Sep","MPY","1",5.4,50.8
"173","Kiwi","Sep","MPY","3",3.5,50.8
"174","Dash","Oct","MPY","2",6.3,59.55
"175","Deberah","Oct","MPY","1",4.56,59.55
"176","Emma","Oct","MPY","2",5.36,59.55
"177","Esther","Oct","MPY","3",6.4,59.55
"178","Justine","Oct","MPY","1",5.27,59.55
"179","Pixie","Oct","MPY","2",6.89,59.55
"180","Taz","Oct","MPY","3",5.11,59.55
"181","Jacquei","Nov","MPY","3",4.75,92.45
"182","Louise","Dec","MPY","2",7,78.5
"183","Mary","Dec","MPY","3",8.25,78.5
"184","Susan","Dec","MPY","2",7.91,78.5
"185","Goggles","Sep","MPY","2",17.33,2.8
"186","Lydia","Sep","MPY","3",9.5,2.8
"187","Robin","Oct","MPY","3",3.89,27.8
"188","Olive","Nov","MPY","1",3.89,37.1
"189","Bene","Oct","MPY","3",5,23.9
"190","Odette","Oct","MPY","2",3,23.9
"191","Stripes","Jan","MPY","2",4.5,13.8
"192","Darcy","Aug","MPY","2",5.47,11
"193","Emma","Aug","MPY","2",6.07,11
"194","Apanie","Jul","MPY","2",5.36,19
"195","Camilla","Jul","MPY","1",5.25,19
"196","Celine","Jul","MPY","2",7.08,19
"197","Ellie","Jul","MPY","1",4.9,19
"198","Jo","Jul","MPY","2",6.5,19
"199","Nina","Jul","MPY","3",6,19
"200","Bonnie","Aug","MPY","1",6.45,12.75
"201","Delilah","Aug","MPY","2",7.27,12.75
"202","Esther","Aug","MPY","2",8.54,12.75
"203","Hazel","Aug","MPY","3",4.82,12.75
"204","Jill","Aug","MPY","2",4.54,12.75
"205","Alicia","Sep","MPY","1",3.75,50.8
"206","Deberah","Sep","MPY","1",6.75,50.8
"207","Dianne","Sep","MPY","2",7.17,50.8
"208","Ellie","Sep","MPY","1",5.58,50.8
"209","Joy","Sep","MPY","3",6.25,50.8
"210","Robin","Nov","MPY","2",4.91,92.45
"211","Stripes","Apr","MPY","2",3,15.1
"212","Celine","Jul","MPY","3",5,42.2
"213","Cotton","Sep","MPY","2",18.42,2.8
"214","Ellie","Sep","MPY","2",17.82,2.8
"215","Hazel","Sep","MPY","1",8.2,2.8
"216","Martha","Sep","MPY","2",11.71,2.8
"217","Pebbles","Sep","MPY","1",7.56,2.8
"218","Alison","Oct","MPY","3",9.36,27.8
"219","Brigit","Oct","MPY","2",11.15,27.8
"220","Yvonne","Oct","MPY","2",2.91,27.8
"221","Longnose","Jun","MPY","2",3.56,20.3
"222","Qantas","Jun","MPY","2",4,20.3
"223","Goggles","Jul","MPY","2",7.63,80.4
"224","Lauren","Aug","MPY","2",4.88,32.4
"225","Jacquei","Sep","MPY","2",4.33,6
"226","Naomi","Oct","MPY","2",6.5,23.9
"227","Bene","Nov","MPY","2",5,59.8
"228","Amanda","Jan","MPY","1",3.82,13.8
"229","Dot","May","MPY","2",6.2,68.4
"230","Lauren","May","MPY","2",7.75,68.4
"231","Bonnie","Aug","MPY","2",5.6,11
"232","Candice","Aug","MPY","2",8.35,11
"233","Dot","Aug","MPY","2",10.13,11
"234","Fetta","Aug","MPY","2",6.42,11
"235","Hazel","Aug","MPY","3",8.4,11
"236","Alison","Sep","MPY","2",11,49.8
"237","Chloe","Sep","MPY","2",6.54,49.8
"238","Ellie","Sep","MPY","1",10.75,49.8
"239","Esther","Sep","MPY","2",8.47,49.8
"240","Jill","Jul","MPY","3",6.43,19
"241","Lauren","Jul","MPY","2",4.73,19
"242","Apanie","Aug","MPY","3",7.3,19
"243","Candice","Aug","MPY","2",7.82,12.75
"244","Ditto","Aug","MPY","3",7,12.75
"245","Dot","Aug","MPY","2",8.67,12.75
"246","Longnose","Aug","MPY","1",6,12.75
"247","Stripes","Aug","MPY","2",6.67,12.75
"248","Camilla","Sep","MPY","1",6.46,50.8
"249","Cotton","Sep","MPY","2",8.18,50.8
"250","Domino","Sep","MPY","2",7.67,50.8
"251","Dot","Sep","MPY","1",5.17,50.8
"252","Pixie","Sep","MPY","1",9.36,50.8
"253","Qantas","Sep","MPY","2",6.5,50.8
"254","Taz","Sep","MPY","3",8.3,50.8
"255","Dion","Oct","MPY","3",6.63,59.55
"256","Robin","Oct","MPY","3",6.56,59.55
"257","Amy","Dec","MPY","2",3.92,78.5
"258","Enid","Apr","MPY","2",3.89,15.1
"259","Firefly","Jul","MPY","2",6.63,42.2
"260","Apanie","Aug","MPY","2",10.6,54.5
"261","Candice","Aug","MPY","2",8.5,54.5
"262","Brigit","Sep","MPY","1",16.91,2.8
"263","Joy","Sep","MPY","2",7.44,2.8
"264","Nicola","Sep","MPY","2",14.7,2.8
"265","Sara","Sep","MPY","2",8.6,2.8
"266","Camilla","Oct","MPY","1",10.38,27.8
"267","Dianne","Oct","MPY","2",6.73,27.8
"268","Kathy","Oct","MPY","1",12.2,27.8
"269","Alison","Nov","MPY","2",4.33,37.1
"270","Delilah","Nov","MPY","1",6,37.1
"271","Nikita","Nov","MPY","2",7,37.1
"272","Pixie","Jan","MPY","2",4.75,101.45
"273","Ansett","Jul","MPY","2",3.63,80.4
"274","Esther","Jul","MPY","3",4,80.4
"275","Longnose","Jul","MPY","2",6.38,80.4
"276","Dash","Aug","MPY","1",6.56,32.4
"277","Emma","Aug","MPY","2",8.7,32.4
"278","Esther","Aug","MPY","3",5.89,32.4
"279","Brigit","Sep","MPY","2",5.08,6
"280","Emma","Sep","MPY","1",9.08,6
"281","Jo","Sep","MPY","2",4.45,6
"282","Lydia","Sep","MPY","3",5.13,6
"283","Nikita","Sep","MPY","2",8.64,6
"284","Opal","Sep","MPY","3",8.4,6
"285","Tilly","Sep","MPY","1",8.92,6
"286","Naomi","Nov","MPY","2",5.5,59.8
"287","Enid","Jan","MPY","2",4.5,13.8
"288","Francis","Jan","MPY","2",5.13,13.8
"289","Nina","Feb","MPY","1",4.25,56.6
"290","Zaza","May","MPY","2",7.2,68.4
"291","Darcy","Jul","MPY","2",5.31,40.2
"292","Alison","Aug","MPY","2",11.44,11
"293","Ansett","Aug","MPY","2",6.93,11
"294","Bubbles","Aug","MPY","2",7.67,11
"295","Cotton","Aug","MPY","2",8.23,11
"296","Margret","Aug","MPY","2",8.5,11
"297","Brie","Sep","MPY","2",7.82,49.8
"298","Gogo","Sep","MPY","2",7.75,49.8
"299","Michelle","Sep","MPY","3",12.5,49.8
"300","Starbuck","Sep","MPY","3",5.09,49.8
"301","Themeda","Sep","MPY","2",8.06,49.8
"302","Zaza","Sep","MPY","2",9.87,49.8
"303","Goggles","Jul","MPY","2",5.22,19
"304","Domino","Aug","MPY","2",7.75,12.75
"305","Apanie","Sep","MPY","2",6.85,50.8
"306","Goggles","Sep","MPY","2",6.69,50.8
"307","Stripes","May","MPY","2",6.25,86.85
"308","Odette","Jul","MPY","3",6,42.2
"309","Amber","Aug","MPY","2",12.44,54.5
"310","Emma","Aug","MPY","2",9.33,54.5
"311","Ansett","Sep","MPY","2",10.08,2.8
"312","Taz","Sep","MPY","3",10.33,2.8
"313","Nicola","Oct","MPY","2",5.83,27.8
"314","Nikita","Oct","MPY","1",7.27,27.8
"315","Themeda","Oct","MPY","3",7.31,27.8
"316","Tilly","Oct","MPY","2",7.79,27.8
"317","Dash","Nov","MPY","2",6.7,37.1
"318","Olive","Jan","MPY","1",3.9,101.45
"319","Blondie","Apr","MPY","3",4.33,126
"320","Pickles","Jul","MPY","2",6.78,80.4
"321","Hazel","Aug","MPY","2",7.63,32.4
"322","Jacquei","Aug","MPY","3",6.56,32.4
"323","Longnose","Aug","MPY","2",5.73,32.4
"324","Pickles","Aug","MPY","2",3.8,32.4
"325","Apanie","Sep","MPY","1",12.5,6
"326","Cotton","Sep","MPY","1",12.88,6
"327","Darcy","Sep","MPY","1",8.27,6
"328","Dash","Sep","MPY","1",5,6
"329","Delilah","Sep","MPY","1",7.27,6
"330","Ellie","Sep","MPY","1",8.67,6
"331","Goggles","Sep","MPY","2",7,6
"332","Michelle","Sep","MPY","3",10.33,6
"333","Sadie","Sep","MPY","2",14.25,6
"334","Bonnie","Jul","MPY","2",6.58,40.2
"335","Blondie","Aug","MPY","3",9.19,11
"336","Daniella","Aug","MPY","2",9,11
"337","Indi","Aug","MPY","2",4.67,11
"338","Zaza","Aug","MPY","2",9.5,11
"339","Blondie","Sep","MPY","2",8.78,49.8
"340","Darcy","Sep","MPY","2",12.64,49.8
"341","Dash","Sep","MPY","2",12.31,49.8
"342","Fetta","Sep","MPY","2",6.71,49.8
"343","Indi","Sep","MPY","2",7.24,49.8
"344","Strawberry","Sep","MPY","2",6.9,49.8
"345","Stripes","Sep","MPY","3",8.26,49.8
"346","Tilly","Sep","MPY","1",12.1,49.8
"347","Kiwi","Aug","MPY","1",6.64,54.5
"348","Camilla","Sep","MPY","1",12.23,2.8
"349","Darcy","Sep","MPY","1",15,2.8
"350","Domino","Sep","MPY","2",8.22,2.8
"351","Emma","Sep","MPY","2",17.29,2.8
"352","Jo","Sep","MPY","1",15.31,2.8
"353","Strawberry","Sep","MPY","3",9.58,2.8
"354","Zaza","Jun","MPY","3",5.22,20.3
"355","Ellie","Aug","MPY","1",7,32.4
"356","Jo","Aug","MPY","2",7.5,32.4
"357","Zaza","Aug","MPY","3",6.5,32.4
"358","Bonnie","Sep","MPY","2",10.33,6
"359","Hope","Sep","MPY","2",4.64,6
"360","Delilah","Nov","MPY","1",4.38,59.8
"361","Sally","Nov","MPY","1",4.13,59.8
"362","Pickles","May","MPY","2",8,68.4
"363","Zaza","Jul","MPY","3",7.06,40.2
"364","Beans","Aug","MPY","2",8.29,11
"365","Dash","Aug","MPY","2",7.08,11
"366","Michelle","Aug","MPY","3",8.59,11
"367","Apanie","Sep","MPY","2",10.39,49.8
"368","Arrow","Sep","MPY","2",7.13,49.8
"369","Celine","Sep","MPY","2",7.07,49.8
"370","Cotton","Sep","MPY","3",11.44,49.8
"371","Francis","Sep","MPY","2",10.11,49.8
"372","Goggles","Sep","MPY","2",9.83,49.8
"373","Vanessa","Sep","MPY","2",9.36,49.8
"374","Amanda","Jun","MPY","3",5.1,54.9
"375","Candice","Jun","MPY","3",6.5,54.9
"376","Nikki","Jun","MPY","3",5.27,54.9
"377","Amanda","Jul","MPY","3",5.82,31.4
"378","Nikki","Jul","MPY","3",6.7,31.4
"379","Sally","Jul","MPY","3",4.56,31.4
"380","Amanda","Aug","MPY","3",4.11,95.1
"381","Blondie","Aug","MPY","3",8.38,95.1
"382","Camilla","Aug","MPY","2",7.13,95.1
"383","Candice","Aug","MPY","3",6.8,95.1
"384","Goggles","Aug","MPY","2",5.63,95.1
"385","Hazel","Aug","MPY","3",8.13,95.1
"386","Jessie","Aug","MPY","2",3.56,95.1
"387","Jill","Aug","MPY","2",7.13,95.1
"388","Julliet","Aug","MPY","2",6.88,95.1
"389","Kiwi","Aug","MPY","2",7.75,95.1
"390","Odette","Aug","MPY","3",7.75,95.1
"391","Qantas","Aug","MPY","2",7.33,95.1
"392","Stripes","Aug","MPY","3",7,95.1
"393","Acacia","Sep","MPY","3",6.25,80.5
"394","Amy","Sep","MPY","1",4.77,80.5
"395","Apanie","Sep","MPY","2",8.25,80.5
"396","Blondie","Sep","MPY","3",5.85,80.5
"397","Camilla","Sep","MPY","3",5.13,80.5
"398","Celine","Sep","MPY","3",4.75,80.5
"399","Cotton","Sep","MPY","2",7.56,80.5
"400","Deberah","Sep","MPY","2",6.27,80.5
"401","Dianne","Sep","MPY","3",7.17,80.5
"402","Dot","Sep","MPY","1",5.67,80.5
"403","Esther","Sep","MPY","3",4.8,80.5
"404","Firefly","Sep","MPY","3",7.27,80.5
"405","Hazel","Sep","MPY","3",5.63,80.5
"406","Jo","Sep","MPY","2",5.22,80.5
"407","Longnose","Sep","MPY","2",8.2,80.5
"408","Lumpy","Sep","MPY","2",9,80.5
"409","Lydia","Sep","MPY","3",6.3,80.5
"410","Qantas","Sep","MPY","3",6.09,80.5
"411","Acacia","Oct","MPY","3",11.33,123.8
"412","Anna","Oct","MPY","3",9.56,123.8
"413","Apanie","Oct","MPY","2",7.45,123.8
"414","Blondie","Oct","MPY","3",7.83,123.8
"415","Brigit","Oct","MPY","3",9.77,123.8
"416","Camilla","Oct","MPY","3",8.2,123.8
"417","Celine","Oct","MPY","3",8.92,123.8
"418","Cotton","Oct","MPY","3",8.91,123.8
"419","Daisy","Oct","MPY","2",6.29,123.8
"420","Deberah","Oct","MPY","2",4.1,123.8
"421","Delilah","Oct","MPY","2",5.64,123.8
"422","Dianne","Oct","MPY","3",6.44,123.8
"423","Ditto","Oct","MPY","3",10.4,123.8
"424","Dot","Oct","MPY","1",8.09,123.8
"425","Emma","Oct","MPY","2",8.54,123.8
"426","Esther","Oct","MPY","3",8.33,123.8
"427","Goggles","Oct","MPY","3",9.36,123.8
"428","Hazel","Oct","MPY","3",10.5,123.8
"429","Jo","Oct","MPY","3",6.25,123.8
"430","Julliet","Oct","MPY","2",10,123.8
"431","Justine","Oct","MPY","2",6.64,123.8
"432","Lumpy","Oct","MPY","2",5.36,123.8
"433","Qantas","Oct","MPY","2",10.21,123.8
"434","Blondie","Nov","MPY","3",6.82,80.6
"435","Brigit","Nov","MPY","3",3.91,80.6
"436","Darcy","Nov","MPY","3",4.88,80.6
"437","Delilah","Nov","MPY","3",4.78,80.6
"438","Dot","Nov","MPY","2",6.3,80.6
"439","Goggles","Nov","MPY","3",5,80.6
"440","Granite","Nov","MPY","2",4.56,80.6
"441","Qantas","Nov","MPY","2",7.75,80.6
"442","Darcy","Dec","MPY","3",7.42,48.8
"443","Granite","Dec","MPY","2",4.78,48.8
"444","Shaddow","Dec","MPY","3",5.9,48.8
"445","Susan","Dec","MPY","2",6.09,48.8
"446","Susan","Jan","MPY","2",6.67,149.15
"447","Cyprus","Feb","MPY","3",2.75,135.3
"448","Jacquei","Feb","MPY","3",6.11,135.3
"449","Mary","Feb","MPY","3",5.22,135.3
"450","Susan","Feb","MPY","2",4.3,135.3
"451","Jacquei","Mar","MPY","3",8.4,30.45
"452","Mary","Mar","MPY","3",11.625,30.45
"453","Enid","Apr","MPY","3",6.125,66.2
"454","Jacquei","Apr","MPY","3",8.125,66.2
"455","Mary","Apr","MPY","3",5.75,66.2
"456","Amanda","May","MPY","3",6,59.8
"457","Amber","May","MPY","3",7.88,59.8
"458","Jacquei","May","MPY","3",7.3,59.8
"459","Nikki","May","MPY","3",6.38,59.8
"460","Sally","May","MPY","3",6.7,59.8
"461","Amanda","Jun","MPY","2",4.18,47.1
"462","Amber","Jun","MPY","3",6.11,47.1
"463","Candice","Jun","MPY","2",4.5,47.1
"464","Odette","Jun","MPY","3",6.63,47.1
"465","Stripes","Jul","MPY","3",5.9,47.1
"466","Blondie","Oct","NPY","3",4.27,59.55
"467","Lydia","Nov","NPY","2",5.75,92.45
"468","Cotton","Dec","NPY","3",4.54,78.5
"469","Brigit","Feb","NPY","2",5,52.6
"470","Blondie","Sep","NPY","2",8.23,50.8
"471","Jo","Sep","NPY","2",5.2,50.8
"472","Nikki","Sep","NPY","2",8.38,50.8
"473","Poppy","Sep","NPY","2",5.17,50.8
"474","Poppy","Oct","NPY","1",3.5,59.55
"475","Darcy","Dec","NPY","1",10.89,78.5
"476","Lydia","Dec","NPY","3",12.36,78.5
"477","Amber","Sep","NPY","1",9,6
"478","Hope","Jul","NPY","2",3.86,40.2
"479","Amber","Aug","NPY","2",8.35,11
"480","Lumpy","Feb","NPY","2",5.73,52.6
"481","Mollie","Aug","NPY","2",7.4,12.75
"482","Hannah","Sep","NPY","2",4.56,50.8
"483","Amber","Oct","NPY","2",5.7,59.55
"484","Jill","Oct","NPY","2",5.73,59.55
"485","Amber","Nov","NPY","2",7.64,92.45
"486","Amber","Dec","NPY","2",6.54,78.5
"487","Deberah","Dec","NPY","1",5.27,78.5
"488","Justine","Dec","NPY","1",4.22,78.5
"489","Poppy","Dec","NPY","2",4.44,78.5
"490","Poppy","Aug","NPY","1",3.13,54.5
"491","Kiwi","Sep","NPY","2",15.4,2.8
"492","Indi","Oct","NPY","2",10.42,27.8
"493","Kiwi","Oct","NPY","2",4.38,27.8
"494","Jill","Jul","NPY","1",3.25,80.4
"495","Amber","Nov","NPY","1",4.22,59.8
"496","Amber","Sep","NPY","1",6.5,49.8
"497","Amy","Jul","NPY","1",4.29,19
"498","Bonnie","Sep","NPY","1",4.22,50.8
"499","Jill","Sep","NPY","1",5.38,50.8
"500","Nina","Sep","NPY","3",7.61,50.8
"501","Blondie","Nov","NPY","3",6.82,92.45
"502","Deberah","Nov","NPY","1",10,92.45
"503","Hope","Nov","NPY","3",6.75,92.45
"504","Camilla","Dec","NPY","1",5.5,78.5
"505","Odette","Dec","NPY","3",10.18,78.5
"506","Qantas","Dec","NPY","3",9.27,78.5
"507","Lumpy","Jul","NPY","1",7.78,42.2
"508","Coffee","Sep","NPY","2",11.38,2.8
"509","Maple","Sep","NPY","1",3.64,2.8
"510","Stumpy","Sep","NPY","2",11.54,2.8
"511","Brie","Oct","NPY","2",9.7,27.8
"512","Goggles","Nov","NPY","1",9,37.1
"513","Jacquei","Jan","NPY","2",5.2,101.45
"514","Hazel","Jan","NPY","2",4.64,13.8
"515","Amanda","May","NPY","2",8.11,68.4
"516","Cashew","May","NPY","2",8.88,68.4
"517","Cashew","Jul","NPY","3",6.29,40.2
"518","Coral","Sep","NPY","2",9.27,49.8
"519","Lydia","Sep","NPY","2",6.75,49.8
"520","Amber","Sep","NPY","1",5.61,50.8
"521","Mollie","Sep","NPY","2",7,50.8
"522","Bonnie","Oct","NPY","1",3.4,59.55
"523","Candice","Oct","NPY","1",4.45,59.55
"524","Hope","Oct","NPY","3",6,59.55
"525","Nina","Oct","NPY","2",5.38,59.55
"526","Anne","Nov","NPY","3",7.79,92.45
"527","Bonnie","Nov","NPY","2",11.88,92.45
"528","Qantas","Nov","NPY","2",8,92.45
"529","Jo","Dec","NPY","3",11.25,78.5
"530","Deberah","Jul","NPY","1",9.38,42.2
"531","Lumpy","Aug","NPY","1",10.64,54.5
"532","Taz","Oct","NPY","3",3.82,27.8
"533","Jill","Nov","NPY","2",3.9,37.1
"534","Lauren","Nov","NPY","2",6,37.1
"535","Longnose","Nov","NPY","1",8,37.1
"536","Goggles","Jan","NPY","2",5.33,101.45
"537","Abigail","Jul","NPY","2",3.45,80.4
"538","Helen","Jul","NPY","3",3.63,80.4
"539","Stripes","Aug","NPY","2",5.5,32.4
"540","Nina","Nov","NPY","1",3.13,59.8
"541","Bene","Jan","NPY","2",5.4,13.8
"542","Blondie","Jan","NPY","1",5.45,13.8
"543","Cotton","Jan","NPY","2",6.56,13.8
"544","June","May","NPY","3",9,68.4
"545","Sunbeam","Jul","NPY","2",5.43,40.2
"546","Qantas","Aug","NPY","2",8.5,11
"547","Star","Aug","NPY","2",2.75,11
"548","Tegan","Aug","NPY","2",6,11
"549","Abigail","Sep","NPY","2",11,49.8
"550","Tegan","Sep","NPY","2",7.86,49.8
"551","Hope","Sep","NPY","3",7.2,50.8
"552","Nina","Nov","NPY","1",13,92.45
"553","Bonnie","Aug","NPY","1",15.13,54.5
"554","Hope","Sep","NPY","2",10,2.8
"555","Bonnie","Oct","NPY","2",5.45,27.8
"556","Goggles","Oct","NPY","2",5.71,27.8
"557","Longnose","Oct","NPY","1",6.47,27.8
"558","Lydia","Oct","NPY","3",7.17,27.8
"559","Francis","Nov","NPY","3",5.5,37.1
"560","Dianne","Jan","NPY","1",3.13,101.45
"561","Caitlyn","Mar","NPY","2",6.5,74.3
"562","Abigail","Jun","NPY","2",5.38,20.3
"563","Nigella","Jul","NPY","2",3.63,80.4
"564","Sunbeam","Aug","NPY","2",4.9,32.4
"565","Abigail","Sep","NPY","2",5.13,6
"566","Helen","Sep","NPY","3",4.7,6
"567","Tilly","Nov","NPY","1",4.38,59.8
"568","Nancy","Jan","NPY","2",5.5,13.8
"569","Naomi","Jan","NPY","1",5.45,13.8
"570","Granite","Jul","NPY","1",4.27,40.2
"571","Qantas","Jul","NPY","2",5.71,40.2
"572","Granite","Aug","NPY","1",4.67,11
"573","Naomi","Aug","NPY","2",10.23,11
"574","Cashew","Sep","NPY","3",9.29,49.8
"575","Anne","Sep","NPY","2",8.2,50.8
"576","Jo","Oct","NPY","1",6.2,59.55
"577","Dianne","Sep","NPY","2",11.37,2.8
"578","Lumpy","Sep","NPY","1",18.23,2.8
"579","Berry","Oct","NPY","2",11.82,27.8
"580","Francis","Oct","NPY","3",7.38,27.8
"581","Hope","Oct","NPY","2",6.2,27.8
"582","Jill","Oct","NPY","1",5.15,27.8
"583","Lauren","Oct","NPY","2",6.69,27.8
"584","Stumpy","Oct","NPY","2",11.91,27.8
"585","Bonnie","Nov","NPY","2",8.7,37.1
"586","Naomi","Apr","NPY","2",5.88,126
"587","Bubbles","Jul","NPY","3",7,80.4
"588","Stripes","Jul","NPY","1",4.45,80.4
"589","Nina","Aug","NPY","1",7.09,32.4
"590","Fran","Sep","NPY","1",9.25,6
"591","Martha","Sep","NPY","2",5.5,6
"592","Nina","Sep","NPY","1",11.36,6
"593","Dash","Nov","NPY","1",6.25,59.8
"594","Star","Nov","NPY","2",4.75,59.8
"595","Zaza","Jan","NPY","2",4.13,13.8
"596","Nancy","May","NPY","2",6.25,68.4
"597","Naomi","May","NPY","2",3.38,68.4
"598","Sunbeam","May","NPY","2",10,68.4
"599","Cashew","Aug","NPY","2",8,11
"600","Celandine","Sep","NPY","2",9,49.8
"601","June","Sep","NPY","3",8.73,49.8
"602","Mindi","Sep","NPY","2",9.69,49.8
"603","Qantas","Oct","NPY","2",6.11,59.55
"604","Bonnie","Sep","NPY","1",22.27,2.8
"605","Ansett","Oct","NPY","3",9.18,27.8
"606","Lumpy","Oct","NPY","1",5.83,27.8
"607","Robin","Jun","NPY","2",5.3,20.3
"608","Sunbeam","Jul","NPY","2",6.63,80.4
"609","Bubbles","Sep","NPY","2",9.13,6
"610","Cornflower","Sep","NPY","2",6.13,6
"611","Sunbeam","Sep","NPY","2",9,6
"612","Ugly","Sep","NPY","2",5.33,6
"613","Francis","Nov","NPY","2",5.38,59.8
"614","Daniella","Jan","NPY","2",5.45,13.8
"615","Sunbeam","Jan","NPY","2",4.6,13.8
"616","Lottie","May","NPY","2",9.13,68.4
"617","June","Aug","NPY","1",9.33,11
"618","Lottie","Aug","NPY","2",9.33,11
"619","Nina","Aug","NPY","2",9.36,11
"620","Pickles","Sep","NPY","2",11.95,49.8
"621","Star","Sep","NPY","2",5.59,49.8
"622","Amanda","Sep","NPY","2",5.89,80.5
"623","Amber","Sep","NPY","2",7.7,80.5
"624","Enid","Sep","NPY","3",5.13,80.5
"625","Jacquei","Sep","NPY","3",5.11,80.5
"626","Jill","Sep","NPY","2",8.56,80.5
"627","Odette","Sep","NPY","3",5.92,80.5
"628","Sally","Sep","NPY","2",4.33,80.5
"629","Amanda","Oct","NPY","3",9,123.8
"630","Amber","Oct","NPY","3",11.22,123.8
"631","Amy","Oct","NPY","1",8.21,123.8
"632","Domino","Oct","NPY","2",8.15,123.8
"633","Jill","Oct","NPY","3",6.5,123.8
"634","Odette","Oct","NPY","3",12.1,123.8
"635","Sally","Oct","NPY","2",7.36,123.8
"636","Odette","Nov","NPY","3",8.25,80.6
"637","Amber","Dec","NPY","2",8,48.8
"638","Amy","Dec","NPY","2",3.78,48.8
"639","Domino","Dec","NPY","2",4.18,48.8
"640","Jill","Dec","NPY","2",6.11,48.8
"641","Jo","Dec","NPY","2",4.13,48.8
"642","Odette","Dec","NPY","3",6.33,48.8
"643","Odette","Jan","NPY","3",6.25,149.15
"644","Amy","Feb","NPY","1",4.5,135.3
"645","Odette","Feb","NPY","3",6.5,135.3
"646","Rachel","Feb","NPY","1",3.73,135.3
"647","Rachel","Mar","NPY","2",12.44,30.45
"648","Amy","Apr","NPY","2",6.44,66.2
"649","Amy","May","NPY","2",5.42,59.8
"650","Amy","Jun","NPY","2",4.5,47.1
"651","Camilla","Nov","NPY","1",4.8,92.45
"652","Mollie","Dec","SPY","2",6.56,78.5
"653","Amanda","Jul","SPY","2",6.35,40.2
"654","Pixie","Jul","SPY","2",3.9,19
"655","Lydia","Sep","SPY","2",6.75,50.8
"656","Opal","Sep","SPY","3",4.82,50.8
"657","Olive","Oct","SPY","1",5.5,59.55
"658","Blondie","Dec","SPY","3",12,78.5
"659","Amber","Aug","SPY","2",6.08,32.4
"660","Esther","Jul","SPY","2",6.17,19
"661","Lumpy","Aug","SPY","1",5.3,12.75
"662","Amy","Sep","SPY","1",5.69,50.8
"663","Jill","Dec","SPY","1",6.7,78.5
"664","Nina","Apr","SPY","3",2.5,15.1
"665","Hazel","Jul","SPY","2",8.63,42.2
"666","Enid","Nov","SPY","2",3.91,37.1
"667","Hazel","Jun","SPY","3",2.5,20.3
"668","Jacquei","Jun","SPY","2",5.67,20.3
"669","Granite","Jul","SPY","2",3.25,80.4
"670","Lydia","Jul","SPY","2",3.5,80.4
"671","Dianne","Aug","SPY","2",6.25,12.75
"672","Ivy","Aug","SPY","2",7.63,12.75
"673","Lydia","Aug","SPY","2",8.42,12.75
"674","Lumpy","Sep","SPY","1",4.46,50.8
"675","Shaddow","Sep","SPY","2",3.88,50.8
"676","Amy","Oct","SPY","1",5.33,59.55
"677","Lumpy","Oct","SPY","1",5.11,59.55
"678","Yvonne","Oct","SPY","1",6.89,59.55
"679","Dot","Jul","SPY","1",4,42.2
"680","Ellie","Aug","SPY","1",13,54.5
"681","Lydia","Aug","SPY","3",7.75,54.5
"682","Spot","Oct","SPY","1",3.6,27.8
"683","Hope","Jun","SPY","3",2.88,20.3
"684","Bene","Aug","SPY","3",4.3,32.4
"685","Granite","Sep","SPY","1",5.88,6
"686","Firefly","May","SPY","1",7.5,68.4
"687","Firefly","Aug","SPY","2",7.75,11
"688","Grace","Aug","SPY","1",5,11
"689","Odette","Aug","SPY","2",9.47,11
"690","Delilah","Sep","SPY","1",11.19,49.8
"691","Cotton","Jul","SPY","2",8.38,19
"692","Nikita","Jul","SPY","1",5.53,19
"693","Robin","Jul","SPY","2",6,19
"694","Susan","Oct","SPY","2",5.4,59.55
"695","Amy","Jul","SPY","2",4.62,42.2
"696","Apanie","Jul","SPY","2",9.5,42.2
"697","Longnose","Jul","SPY","2",7.25,42.2
"698","Lydia","Jul","SPY","3",6,42.2
"699","Deberah","Aug","SPY","1",7.25,54.5
"700","Coffee","Oct","SPY","2",10.22,27.8
"701","Mollie","Nov","SPY","3",4.25,37.1
"702","Longnose","Jan","SPY","1",6.25,101.45
"703","Daniella","Mar","SPY","3",3.13,74.3
"704","Lauren","Mar","SPY","2",5.63,74.3
"705","Cotton","Jul","SPY","2",8.09,80.4
"706","Ellie","Jul","SPY","2",6.9,80.4
"707","Michelle","Aug","SPY","3",4.75,32.4
"708","Robin","Sep","SPY","2",5.11,6
"709","Nina","Oct","SPY","1",4.63,23.9
"710","Amber","Jan","SPY","1",6.63,13.8
"711","Amanda","Aug","SPY","2",8.4,11
"712","Domino","Aug","SPY","2",5.67,11
"713","Domino","Sep","SPY","1",9.75,49.8
"714","Eucalypt","Sep","SPY","2",7.33,49.8
"715","Dash","Jul","SPY","2",7,19
"716","Domino","Jul","SPY","2",3.91,19
"717","Amy","Aug","SPY","1",8.5,19
"718","Jacquei","Aug","SPY","2",8.83,12.75
"719","Robin","Aug","SPY","2",9.67,12.75
"720","Dash","Sep","SPY","1",8.83,50.8
"721","Dion","Sep","SPY","3",7.64,50.8
"722","Jacquei","Sep","SPY","3",5.73,50.8
"723","Robin","Sep","SPY","2",6.8,50.8
"724","Anne","Dec","SPY","2",5.63,78.5
"725","Bonnie","Dec","SPY","1",7.08,78.5
"726","Dianne","Dec","SPY","2",7.9,78.5
"727","Nina","Dec","SPY","2",6.75,78.5
"728","Darcy","Jul","SPY","1",6.88,42.2
"729","Darcy","Aug","SPY","1",10.5,54.5
"730","Dash","Sep","SPY","2",9.08,2.8
"731","Spot","Sep","SPY","1",15.38,2.8
"732","Deberah","Oct","SPY","1",6.23,27.8
"733","Goggles","Mar","SPY","2",6.88,74.3
"734","Dash","Jun","SPY","2",6.25,20.3
"735","Hope","Jul","SPY","2",2.67,80.4
"736","Michelle","Jul","SPY","3",6.17,80.4
"737","Naomi","Jul","SPY","2",5.08,80.4
"738","Sadie","Jul","SPY","3",8.08,80.4
"739","Aide","Aug","SPY","3",4.78,32.4
"740","Ansett","Aug","SPY","2",5.25,32.4
"741","Delilah","Aug","SPY","2",7.36,32.4
"742","Hope","Aug","SPY","2",6.3,32.4
"743","Matilda","Aug","SPY","3",5,32.4
"744","Robin","Aug","SPY","2",6,32.4
"745","Tilly","Aug","SPY","2",7.64,32.4
"746","Celandine","Sep","SPY","2",4.63,6
"747","Naomi","Sep","SPY","2",9,6
"748","Spot","Sep","SPY","1",6.4,6
"749","Qantas","Jan","SPY","1",3.09,13.8
"750","Bubbles","May","SPY","2",10,68.4
"751","Cotton","May","SPY","2",8.38,68.4
"752","Hazel","May","SPY","2",6.5,68.4
"753","Eucalypt","Jun","SPY","2",11.25,46.3
"754","Cotton","Jul","SPY","2",5.09,40.2
"755","Eucalypt","Jul","SPY","3",6.36,40.2
"756","Goggles","Jul","SPY","2",4.54,40.2
"757","Sara","Jul","SPY","3",5.4,40.2
"758","Themeda","Jul","SPY","3",4.36,40.2
"759","Enid","Aug","SPY","2",9,11
"760","Maude","Aug","SPY","3",7.71,11
"761","Nancy","Aug","SPY","2",8.1,11
"762","Amanda","Sep","SPY","3",13,49.8
"763","Bene","Sep","SPY","2",8.63,49.8
"764","Coffee","Sep","SPY","2",8.18,49.8
"765","Hope","Sep","SPY","2",9.77,49.8
"766","Dash","Aug","SPY","2",9,12.75
"767","Rachel","Sep","SPY","3",6.75,50.8
"768","Susan","Sep","SPY","1",6.89,50.8
"769","Ansett","Aug","SPY","2",8.88,54.5
"770","Delilah","Aug","SPY","1",13.5,54.5
"771","Alison","Sep","SPY","2",16,2.8
"772","Berry","Sep","SPY","2",18,2.8
"773","Deberah","Sep","SPY","1",18.82,2.8
"774","Nikita","Sep","SPY","1",21.36,2.8
"775","Olive","Sep","SPY","1",15.4,2.8
"776","Robin","Sep","SPY","3",9.54,2.8
"777","Tilly","Sep","SPY","2",16.79,2.8
"778","Delilah","Oct","SPY","1",6.71,27.8
"779","Olive","Oct","SPY","1",7.69,27.8
"780","Darcy","Mar","SPY","2",5.13,74.3
"781","Bene","Jun","SPY","3",3.75,20.3
"782","Francis","Jun","SPY","3",3.75,20.3
"783","Aide","Jul","SPY","3",6.4,80.4
"784","Bene","Jul","SPY","2",3.18,80.4
"785","Francis","Jul","SPY","3",4.77,80.4
"786","Odette","Jul","SPY","2",3.64,80.4
"787","Tilly","Jul","SPY","2",5.7,80.4
"788","Bonnie","Aug","SPY","2",4.22,32.4
"789","Caitlyn","Aug","SPY","2",7.11,32.4
"790","Cotton","Aug","SPY","2",7.09,32.4
"791","Enid","Aug","SPY","2",3.13,32.4
"792","Milo","Aug","SPY","3",7,32.4
"793","Nigella","Aug","SPY","2",5.13,32.4
"794","Bene","Sep","SPY","2",10.18,6
"795","Magic","Sep","SPY","2",6.89,6
"796","Milo","Sep","SPY","3",8.33,6
"797","Pickles","Jan","SPY","2",6.67,13.8
"798","Abigail","May","SPY","2",7.22,68.4
"799","Bene","Jul","SPY","3",4.8,40.2
"800","Francis","Jul","SPY","2",6.2,40.2
"801","Nancy","Jul","SPY","2",4.71,40.2
"802","Sally","Jul","SPY","3",5.29,40.2
"803","Stripes","Jul","SPY","2",4,40.2
"804","Bene","Aug","SPY","3",7.17,11
"805","Coffee","Aug","SPY","2",8,11
"806","Eucalypt","Aug","SPY","2",11.77,11
"807","Jacquei","Oct","SPY","3",6.89,59.55
"808","Goggles","Aug","SPY","2",9.88,54.5
"809","Jo","Aug","SPY","1",11.88,54.5
"810","Delilah","Sep","SPY","1",19.06,2.8
"811","Pixie","Sep","SPY","2",14.54,2.8
"812","Margret","Oct","SPY","2",9.5,27.8
"813","Pixie","Oct","SPY","2",6.5,27.8
"814","Darcy","Jul","SPY","2",7.17,80.4
"815","Emma","Jul","SPY","2",8.17,80.4
"816","Apanie","Aug","SPY","1",7,32.4
"817","Darcy","Aug","SPY","2",6.2,32.4
"818","Aide","Sep","SPY","2",14.13,6
"819","Caitlyn","Sep","SPY","2",12.44,6
"820","Francis","Sep","SPY","2",10.13,6
"821","Stripes","Sep","SPY","2",6,6
"822","Abigail","Aug","SPY","3",7.35,11
"823","Ellie","Aug","SPY","2",11.06,11
"824","Matilda","Aug","SPY","2",7.7,11
"825","Sally","Aug","SPY","2",8.2,11
"826","Sunbeam","Aug","SPY","2",7.42,11
"827","Brigit","Sep","SPY","2",9.15,49.8
"828","Nina","Sep","SPY","2",9.58,49.8
"829","Sally","Sep","SPY","2",8.33,49.8
"830","Sunbeam","Sep","SPY","2",11.45,49.8
"831","Blondie","Jun","SPY","3",7.45,54.9
"832","Camilla","Jun","SPY","3",7,54.9
"833","Celine","Jun","SPY","3",7.17,54.9
"834","Deberah","Jun","SPY","2",7.33,54.9
"835","Ditto","Jun","SPY","3",5,54.9
"836","Enid","Jun","SPY","3",7.75,54.9
"837","Esther","Jun","SPY","2",6.67,54.9
"838","Firefly","Jun","SPY","3",6.5,54.9
"839","Goggles","Jun","SPY","2",5.13,54.9
"840","Jill","Jun","SPY","2",6,54.9
"841","Julliet","Jun","SPY","2",5.8,54.9
"842","Lumpy","Jun","SPY","3",6.63,54.9
"843","Stripes","Jun","SPY","2",8,54.9
"844","Blondie","Jul","SPY","3",5.89,31.4
"845","Deberah","Jul","SPY","2",8.56,31.4
"846","Esther","Jul","SPY","3",6.67,31.4
"847","Julliet","Jul","SPY","3",10.7,31.4
"848","Lumpy","Jul","SPY","2",9.4,31.4
"849","Stripes","Jul","SPY","3",5.56,31.4
"850","Lumpy","Aug","SPY","1",8.5,95.1
"851","Lydia","Aug","SPY","2",8.63,95.1
"852","Delilah","Sep","SPY","2",7.78,80.5
"853","Susan","Sep","SPY","1",5.1,80.5
"854","Darcy","Oct","SPY","3",9.5,123.8
"855","Mary","Oct","SPY","2",5.44,123.8
"856","Shaddow","Oct","SPY","3",7.2,123.8
"857","Susan","Oct","SPY","2",9.3,123.8
"858","Enid","Nov","SPY","3",6.11,80.6
"859","Sally","Nov","SPY","2",8.15,80.6
"860","Susan","Nov","SPY","3",6,80.6
"861","Amanda","Dec","SPY","2",6.2,48.8
"862","Enid","Dec","SPY","3",6.91,48.8
"863","Sally","Dec","SPY","3",5.36,48.8
"864","Amanda","Jan","SPY","2",6.8,149.15
"865","Enid","Jan","SPY","3",4.875,149.15
"866","Hazel","Jan","SPY","3",6.2,149.15
"867","Jacquei","Jan","SPY","3",5.375,149.15
"868","Mary","Jan","SPY","2",5,149.15
"869","Nina","Jan","SPY","3",7.56,149.15
"870","Sally","Jan","SPY","3",5.22,149.15
"871","Amanda","Mar","SPY","3",6.91,30.45
"872","Diamond","Mar","SPY","3",2,30.45
"873","Domino","Mar","SPY","2",7.91,30.45
"874","Enid","Mar","SPY","3",10.25,30.45
"875","Sally","Mar","SPY","3",3.44,30.45
"876","Tilly","Mar","SPY","2",9.91,30.45
"877","Amanda","Apr","SPY","3",10.44,66.2
"878","Amber","Apr","SPY","3",8.67,66.2
"879","Diamond","Apr","SPY","3",3.5,66.2
"880","Domino","Apr","SPY","3",4.75,66.2
"881","Kiwi","Apr","SPY","3",5.5,66.2
"882","Nina","Apr","SPY","3",9.78,66.2
"883","Rachel","Apr","SPY","3",4.89,66.2
"884","Sally","Apr","SPY","3",10.78,66.2
"885","Sophie","Apr","SPY","3",7.4,66.2
"886","Taz","Apr","SPY","3",5.5,66.2
"887","Tilly","Apr","SPY","3",8,66.2
"888","Candice","May","SPY","3",5.63,59.8
"889","Domino","May","SPY","2",7.67,59.8
"890","Jill","May","SPY","3",7.22,59.8
"891","Nina","May","SPY","3",5.2,59.8
"892","Odette","May","SPY","3",6,59.8
"893","Rachel","May","SPY","3",8.11,59.8
"894","Sophie","May","SPY","3",8.13,59.8
"895","Taz","May","SPY","3",5.13,59.8
"896","Anna","Jun","SPY","3",5.25,47.1
"897","Dot","Jun","SPY","2",3.75,47.1
"898","Jill","Jun","SPY","3",6.11,47.1
"899","Robin","Jun","SPY","2",6.75,47.1
"900","Lydia","Jul","SPY/YAF","2",5,19
"901","Anne","Feb","SPY/YAF","2",3.44,52.6
"902","Shaddow","Jul","SPY/YAF","2",4.75,19
"903","Amanda","Nov","SPY/YAF","2",5.08,92.45
"904","Enid","Nov","SPY/YAF","2",7.73,92.45
"905","Emma","Jul","SPY/YAF","3",6.64,19
"906","Emma","Jul","SPY/YAF","3",6.64,19
"907","Darcy","Aug","SPY/YAF","2",5.09,12.75
"908","Lumpy","Nov","SPY/YAF","2",7.64,92.45
"909","Sally","Dec","SPY/YAF","1",6.88,78.5
"910","Amber","Jun","SPY/YAF","2",3.38,20.3
"911","Shaddow","Aug","SPY/YAF","3",8.13,12.75
"912","Sally","Nov","SPY/YAF","2",7.18,92.45
"913","Amanda","Dec","SPY/YAF","2",8.17,78.5
"914","Enid","Dec","SPY/YAF","3",7.64,78.5
"915","Stripes","Dec","SPY/YAF","3",9.85,78.5
"916","Amy","Aug","SPY/YAF","1",5.11,54.5
"917","Enid","Oct","SPY/YAF","1",4.07,27.8
"918","Nikki","Oct","SPY/YAF","2",6.54,27.8
"919","Amanda","Nov","SPY/YAF","3",4.33,37.1
"920","Firefly","Mar","SPY/YAF","2",4.22,74.3
"921","Justine","Mar","SPY/YAF","1",1.88,74.3
"922","Delilah","Jun","SPY/YAF","1",2.2,20.3
"923","Amanda","Aug","SPY/YAF","1",4.5,32.4
"924","Emma","Aug","SPY/YAF","1",8.5,12.75
"925","Yvonne","Sep","SPY/YAF","1",7.33,50.8
"926","Enid","Oct","SPY/YAF","3",5,59.55
"927","Stripes","Nov","SPY/YAF","3",10.1,92.45
"928","Firefly","Apr","SPY/YAF","2",5.25,15.1
"929","Enid","Aug","SPY/YAF","2",4.33,54.5
"930","Mollie","Oct","SPY/YAF","3",5.33,27.8
"931","Stripes","Dec","SPY/YAF","2",3.75,62.7
"932","Blondie","Jan","SPY/YAF","2",4.89,101.45
"933","Nikki","Aug","SPY/YAF","2",3.82,32.4
"934","Nikki","May","SPY/YAF","2",3.13,68.4
"935","Apanie","Jun","SPY/YAF","2",10.25,46.3
"936","Robin","Jun","SPY/YAF","2",2.63,46.3
"937","Odette","Jul","SPY/YAF","2",3.31,40.2
"938","Robin","Aug","SPY/YAF","2",7.44,11
"939","Delilah","Jul","SPY/YAF","1",6,19
"940","Jacquei","Jul","SPY/YAF","2",4.56,42.2
"941","Sally","Sep","SPY/YAF","1",8.36,2.8
"942","Amanda","Oct","SPY/YAF","2",6.33,27.8
"943","Stripes","Oct","SPY/YAF","2",5.38,27.8
"944","Blondie","Nov","SPY/YAF","2",4.67,37.1
"945","Deberah","Nov","SPY/YAF","1",4.91,37.1
"946","Stripes","Nov","SPY/YAF","3",4.38,37.1
"947","Amanda","Jan","SPY/YAF","2",6.13,101.45
"948","Firefly","Jan","SPY/YAF","1",4.5,101.45
"949","Nina","Jan","SPY/YAF","2",5.89,101.45
"950","Qantas","Apr","SPY/YAF","3",4,126
"951","Delilah","Jul","SPY/YAF","2",5.29,80.4
"952","Nikki","Jul","SPY/YAF","2",2.9,80.4
"953","Sally","Sep","SPY/YAF","2",3.25,6
"954","Robin","Jul","SPY/YAF","2",5.17,40.2
"955","Robin","Sep","SPY/YAF","1",10.87,49.8
"956","Enid","Sep","SPY/YAF","2",11.25,2.8
"957","Esther","Sep","SPY/YAF","1",9,2.8
"958","Jacquei","Sep","SPY/YAF","1",6.72,2.8
"959","Nikki","Sep","SPY/YAF","2",8.5,2.8
"960","Sally","Oct","SPY/YAF","1",6.56,27.8
"961","Sally","Nov","SPY/YAF","1",5.88,37.1
"962","Opal","Mar","SPY/YAF","3",3.22,74.3
"963","Enid","Sep","SPY/YAF","2",9.4,6
"964","Themeda","Sep","SPY/YAF","1",12.18,2.8
"965","Jacquei","Oct","SPY/YAF","1",8.27,27.8
"966","Qantas","Jan","SPY/YAF","2",5.73,101.45
"967","Dot","Jun","SPY/YAF","2",5.56,54.9
"968","Jessie","Jun","SPY/YAF","3",4.7,54.9
"969","MamaPooh","Jun","SPY/YAF","3",4.82,54.9
"970","Qantas","Jun","SPY/YAF","3",5.56,54.9
"971","Celine","Jul","SPY/YAF","3",7.3,31.4
"972","Dot","Jul","SPY/YAF","2",4.88,31.4
"973","Jessie","Jul","SPY/YAF","2",4.09,31.4
"974","Longnose","Jul","SPY/YAF","2",8.75,31.4
"975","Qantas","Jul","SPY/YAF","2",5.44,31.4
"976","Apanie","Aug","SPY/YAF","3",7.6,95.1
"977","Delilah","Aug","SPY/YAF","2",7.22,95.1
"978","Elizabeth","Aug","SPY/YAF","2",7,95.1
"979","Acacia","Jan","SPY/YAF","2",8.11,149.15
"980","Blondie","Jan","SPY/YAF","2",5.7,149.15
"981","Brigit","Jan","SPY/YAF","2",5.56,149.15
"982","Daisy","Jan","SPY/YAF","2",5.3,149.15
"983","Firefly","Jan","SPY/YAF","2",8.78,149.15
"984","Ginger","Jan","SPY/YAF","2",3.44,149.15
"985","Lauren","Jan","SPY/YAF","3",6,149.15
"986","Longnose","Jan","SPY/YAF","1",5.67,149.15
"987","Mollie","Jan","SPY/YAF","2",3.8,149.15
"988","Stripes","Jan","SPY/YAF","3",6.67,149.15
"989","Acacia","Feb","SPY/YAF","2",6,135.3
"990","Anne","Feb","SPY/YAF","3",6.33,135.3
"991","Bonnie","Feb","SPY/YAF","1",5.125,135.3
"992","Brigit","Feb","SPY/YAF","2",8.78,135.3
"993","Camilla","Feb","SPY/YAF","2",4,135.3
"994","Celine","Feb","SPY/YAF","2",4.27,135.3
"995","Delilah","Feb","SPY/YAF","1",2.58,135.3
"996","Dianne","Feb","SPY/YAF","2",4.82,135.3
"997","Dot","Feb","SPY/YAF","2",5.54,135.3
"998","Ellie","Feb","SPY/YAF","1",6.9,135.3
"999","Ginger","Feb","SPY/YAF","3",4.8,135.3
"1000","Julliet","Feb","SPY/YAF","1",4.875,135.3
"1001","Justine","Feb","SPY/YAF","1",6.83,135.3
"1002","Lauren","Feb","SPY/YAF","2",5.9,135.3
"1003","Longnose","Feb","SPY/YAF","2",10.22,135.3
"1004","Nikita","Feb","SPY/YAF","1",7.78,135.3
"1005","Storm","Feb","SPY/YAF","3",3.58,135.3
"1006","Stripes","Feb","SPY/YAF","3",7.13,135.3
"1007","Wilma","Feb","SPY/YAF","2",4.33,135.3
"1008","Acacia","Mar","SPY/YAF","1",5.39,30.45
"1009","Apanie","Mar","SPY/YAF","2",11.3,30.45
"1010","Blondie","Mar","SPY/YAF","3",9.85,30.45
"1011","Brigit","Mar","SPY/YAF","2",5.64,30.45
"1012","Camilla","Mar","SPY/YAF","2",8.73,30.45
"1013","Celine","Mar","SPY/YAF","2",5.33,30.45
"1014","Daisy","Mar","SPY/YAF","2",10.78,30.45
"1015","Delilah","Mar","SPY/YAF","1",6.625,30.45
"1016","Dot","Mar","SPY/YAF","2",5.6,30.45
"1017","Ellie","Mar","SPY/YAF","1",2.625,30.45
"1018","Goggles","Mar","SPY/YAF","2",11,30.45
"1019","Granite","Mar","SPY/YAF","1",8.42,30.45
"1020","Hazel","Mar","SPY/YAF","2",6.45,30.45
"1021","Ivy","Mar","SPY/YAF","3",3.125,30.45
"1022","Julliet","Mar","SPY/YAF","1",5.7,30.45
"1023","Justine","Mar","SPY/YAF","1",9.08,30.45
"1024","Lauren","Mar","SPY/YAF","2",11.7,30.45
"1025","Longnose","Mar","SPY/YAF","1",7.33,30.45
"1026","Mollie","Mar","SPY/YAF","2",8.18,30.45
"1027","Nikita","Mar","SPY/YAF","2",4.22,30.45
"1028","Nikki","Mar","SPY/YAF","3",6.78,30.45
"1029","Qantas","Mar","SPY/YAF","2",11.6,30.45
"1030","Storm","Mar","SPY/YAF","3",5.64,30.45
"1031","Stripes","Mar","SPY/YAF","2",9.5,30.45
"1032","Acacia","Apr","SPY/YAF","1",4.7,66.2
"1033","Alison","Apr","SPY/YAF","2",7.5,66.2
"1034","Anna","Apr","SPY/YAF","3",6,66.2
"1035","Anne","Apr","SPY/YAF","3",8.56,66.2
"1036","Blondie","Apr","SPY/YAF","3",7.89,66.2
"1037","Bonnie","Apr","SPY/YAF","2",6.09,66.2
"1038","Brigit","Apr","SPY/YAF","3",6,66.2
"1039","Camilla","Apr","SPY/YAF","2",4.5,66.2
"1040","Deberah","Apr","SPY/YAF","1",7.64,66.2
"1041","Delilah","Apr","SPY/YAF","1",9,66.2
"1042","Dot","Apr","SPY/YAF","1",6.4,66.2
"1043","Ellie","Apr","SPY/YAF","2",9.56,66.2
"1044","Firefly","Apr","SPY/YAF","2",8,66.2
"1045","Goggles","Apr","SPY/YAF","2",9.83,66.2
"1046","Hazel","Apr","SPY/YAF","2",5.875,66.2
"1047","Indi","Apr","SPY/YAF","2",6.375,66.2
"1048","Ivy","Apr","SPY/YAF","3",6.375,66.2
"1049","Julliet","Apr","SPY/YAF","1",3.9,66.2
"1050","Justine","Apr","SPY/YAF","1",6.56,66.2
"1051","Lauren","Apr","SPY/YAF","2",6.11,66.2
"1052","Nikki","Apr","SPY/YAF","3",9.625,66.2
"1053","Pixie","Apr","SPY/YAF","2",6.5,66.2
"1054","Qantas","Apr","SPY/YAF","3",10.09,66.2
"1055","Stripes","Apr","SPY/YAF","3",8.125,66.2
"1056","Apanie","May","SPY/YAF","2",6,59.8
"1057","Blondie","May","SPY/YAF","2",5.75,59.8
"1058","Celine","May","SPY/YAF","2",6.44,59.8
"1059","Deberah","May","SPY/YAF","2",5.1,59.8
"1060","Delilah","May","SPY/YAF","1",4.82,59.8
"1061","Dot","May","SPY/YAF","1",5.22,59.8
"1062","Elizabeth","May","SPY/YAF","2",7.22,59.8
"1063","Esther","May","SPY/YAF","2",2.3,59.8
"1064","Lauren","May","SPY/YAF","3",5.44,59.8
"1065","Longnose","May","SPY/YAF","2",6.27,59.8
"1066","Lydia","May","SPY/YAF","3",5,59.8
"1067","Mollie","May","SPY/YAF","3",4.6,59.8
"1068","Qantas","May","SPY/YAF","2",6.5,59.8
"1069","Stripes","May","SPY/YAF","3",6.5,59.8
"1070","Blondie","Jun","SPY/YAF","3",4.73,47.1
"1071","Cotton","Jun","SPY/YAF","2",4.11,47.1
"1072","Delilah","Jun","SPY/YAF","1",2.44,47.1
"1073","Ellie","Jun","SPY/YAF","1",4.13,47.1
"1074","Emma","Jun","SPY/YAF","2",5.5,47.1
"1075","Esther","Jun","SPY/YAF","2",5,47.1
"1076","Hazel","Jun","SPY/YAF","3",3.38,47.1
"1077","Longnose","Jun","SPY/YAF","1",6.44,47.1
"1078","Nikita","Jun","SPY/YAF","1",5,47.1
"1079","Qantas","Jun","SPY/YAF","2",3.78,47.1
"1080","Nicola","Oct","YAF","2",4.75,59.55
"1081","Dot","Nov","YAF","1",4.78,92.45
"1082","Ellie","Nov","YAF","1",7.5,92.45
"1083","Lumpy","Jul","YAF","1",4.5,19
"1084","Sally","Aug","YAF","1",4.56,12.75
"1085","Diamond","Sep","YAF","1",3.33,50.8
"1086","Enid","Sep","YAF","2",4.25,50.8
"1087","Odette","Oct","YAF","3",3.7,59.55
"1088","Brigit","Nov","YAF","2",4.76,92.45
"1089","Delilah","Nov","YAF","1",5.7,92.45
"1090","Poppy","Nov","YAF","2",4.78,92.45
"1091","Ellie","Dec","YAF","1",5.23,78.5
"1092","Amy","Jan","YAF","1",5.67,101.45
"1093","Firefly","Jun","YAF","1",1.63,20.3
"1094","Anna","Feb","YAF","2",3.89,52.6
"1095","Amber","Aug","YAF","1",7.56,19
"1096","Lauren","Sep","YAF","2",4.83,50.8
"1097","Mary","Sep","YAF","1",3,50.8
"1098","Sally","Sep","YAF","1",5.56,50.8
"1099","Amanda","Oct","YAF","3",7.09,59.55
"1100","Firefly","Oct","YAF","1",4.3,59.55
"1101","Sally","Oct","YAF","2",5.54,59.55
"1102","Esther","Nov","YAF","2",5,92.45
"1103","Firefly","Nov","YAF","1",8.89,92.45
"1104","Hazel","Nov","YAF","2",7.54,92.45
"1105","Brigit","Dec","YAF","2",3.8,78.5
"1106","Emma","Dec","YAF","2",8.5,78.5
"1107","Kiwi","Dec","YAF","2",5,78.5
"1108","Margret","Dec","YAF","2",4.5,78.5
"1109","Enid","Jul","YAF","2",3.79,19
"1110","Enid","Aug","YAF","2",7.36,12.75
"1111","Celine","Oct","YAF","3",6,59.55
"1112","Stripes","Oct","YAF","3",7,59.55
"1113","Lauren","Nov","YAF","2",7.4,92.45
"1114","Pixie","Nov","YAF","2",9.63,92.45
"1115","Apanie","Dec","YAF","2",7.22,78.5
"1116","Celine","Dec","YAF","2",8.8,78.5
"1117","Ditto","Dec","YAF","3",11.1,78.5
"1118","Dot","Dec","YAF","1",9.36,78.5
"1119","Firefly","Dec","YAF","2",7.1,78.5
"1120","Goggles","Dec","YAF","2",8,78.5
"1121","Longnose","Dec","YAF","1",7.64,78.5
"1122","Pebbles","Dec","YAF","1",6.56,78.5
"1123","Esther","Apr","YAF","2",3.2,15.1
"1124","Enid","Jul","YAF","2",6.18,42.2
"1125","Sally","Aug","YAF","2",4.44,54.5
"1126","Amy","Sep","YAF","1",7.8,2.8
"1127","Amy","Nov","YAF","1",3.88,37.1
"1128","Odette","Nov","YAF","2",4.42,37.1
"1129","Camilla","Jan","YAF","1",2.63,101.45
"1130","Nikki","Feb","YAF","2",5.4,155.2
"1131","Amanda","Apr","YAF","2",1.88,126
"1132","Delilah","Apr","YAF","2",3,126
"1133","Hazel","Apr","YAF","3",3.63,126
"1134","Amber","Jul","YAF","2",5.83,80.4
"1135","Blondie","Jul","YAF","1",2.75,80.4
"1136","Enid","Jul","YAF","2",3.75,80.4
"1137","Firefly","Jul","YAF","1",4.8,80.4
"1138","Firefly","Aug","YAF","1",7.09,32.4
"1139","Firefly","Sep","YAF","1",8.18,6
"1140","Candice","Oct","YAF","1",3.63,23.9
"1141","Delilah","Jan","YAF","1",2.91,13.8
"1142","Delilah","Jul","YAF","1",4.19,40.2
"1143","Longnose","Aug","YAF","1",5.41,11
"1144","Jacquei","Jul","YAF","3",6.82,19
"1145","Amanda","Aug","YAF","2",7.09,19
"1146","Apanie","Nov","YAF","2",7.38,92.45
"1147","Celine","Nov","YAF","2",4.67,92.45
"1148","Emma","Nov","YAF","3",10.13,92.45
"1149","Goggles","Nov","YAF","2",13.38,92.45
"1150","Odette","Nov","YAF","2",8.44,92.45
"1151","Tilly","Nov","YAF","3",11.6,92.45
"1152","Alison","Dec","YAF","3",7.8,78.5
"1153","Delilah","Dec","YAF","1",3.67,78.5
"1154","Hazel","Dec","YAF","3",7.08,78.5
"1155","Lauren","Dec","YAF","1",7.33,78.5
"1156","Delilah","Apr","YAF","1",3.25,15.1
"1157","Enid","Jun","YAF","2",4.33,23.4
"1158","Claire","Sep","YAF","1",7,2.8
"1159","Granite","Sep","YAF","1",6.92,2.8
"1160","Odette","Oct","YAF","2",5,27.8
"1161","Cotton","Mar","YAF","2",5.91,74.3
"1162","Sally","Jul","YAF","2",3.36,80.4
"1163","Nikki","Jan","YAF","2",5.38,13.8
"1164","Odette","Jan","YAF","2",3.75,13.8
"1165","Delilah","May","YAF","2",5.78,68.4
"1166","Robin","May","YAF","2",4.8,68.4
"1167","Jacquei","Sep","YAF","2",9.59,49.8
"1168","Alison","Nov","YAF","3",8.56,92.45
"1169","Pixie","Dec","YAF","1",6.33,78.5
"1170","Tilly","Dec","YAF","2",8.54,78.5
"1171","Delilah","Jul","YAF","1",7.13,42.2
"1172","Sally","Jul","YAF","2",4.88,42.2
"1173","Jill","Sep","YAF","1",16.25,2.8
"1174","Odette","Sep","YAF","2",5.75,2.8
"1175","Violet","Sep","YAF","1",12.5,2.8
"1176","Blondie","Oct","YAF","2",4.3,27.8
"1177","Martha","Oct","YAF","2",8.33,27.8
"1178","Qantas","Oct","YAF","2",6.92,27.8
"1179","Apanie","Nov","YAF","2",3.89,37.1
"1180","Cotton","Nov","YAF","2",7.56,37.1
"1181","Emma","Nov","YAF","2",8,37.1
"1182","Martha","Nov","YAF","2",5.88,37.1
"1183","Martha","Jan","YAF","2",2,101.45
"1184","Opal","Jan","YAF","3",6,101.45
"1185","Blondie","Aug","YAF","2",5.88,32.4
"1186","Amanda","Sep","YAF","1",3.56,6
"1187","Blondie","Sep","YAF","1",8.8,6
"1188","Firefly","Nov","YAF","1",3.13,59.8
"1189","Apanie","Jan","YAF","1",5.13,13.8
"1190","Nikita","Jan","YAF","1",4.6,13.8
"1191","Amanda","Jul","YAF","2",3.09,42.2
"1192","Amanda","Aug","YAF","2",7.1,54.5
"1193","Amanda","Sep","YAF","1",7.67,2.8
"1194","Firefly","Sep","YAF","1",17.07,2.8
"1195","Nina","Sep","YAF","1",19.77,2.8
"1196","Amber","Oct","YAF","2",6.67,27.8
"1197","Amy","Oct","YAF","1",7,27.8
"1198","Cotton","Oct","YAF","2",5.36,27.8
"1199","Firefly","Nov","YAF","1",7.83,37.1
"1200","Apanie","Jan","YAF","2",6.56,101.45
"1201","Dot","Aug","YAF","1",5.25,32.4
"1202","Qantas","Aug","YAF","1",6.44,32.4
"1203","Pickles","Sep","YAF","1",10.11,6
"1204","Qantas","Sep","YAF","2",3.91,6
"1205","Blondie","Sep","YAF","2",10.54,2.8
"1206","Mollie","Sep","YAF","3",9.63,2.8
"1207","Stripes","Sep","YAF","2",8.71,2.8
"1208","Firefly","Oct","YAF","1",6.54,27.8
"1209","Nina","Oct","YAF","2",6.73,27.8
"1210","Amber","Nov","YAF","1",7.44,37.1
"1211","Nina","Nov","YAF","1",4.88,37.1
"1212","Pixie","Mar","YAF","2",3.4,74.3
"1213","Jacquei","Jan","YAF","2",3.8,13.8
"1214","Indi","Feb","YAF","3",5.5,52.6
"1215","Delilah","Jun","YAF","1",3.6,54.9
"1216","Pixie","Jun","YAF","2",5,54.9
"1217","Nikki","Aug","YAF","2",6.44,95.1
"1218","Pixie","Aug","YAF","1",7.13,95.1
"1219","Jessie","Oct","YAF","2",3.67,123.8
"1220","Lauren","Oct","YAF","2",6.4,123.8
"1221","Nikki","Oct","YAF","2",5.33,123.8
"1222","Pixie","Oct","YAF","2",6.88,123.8
"1223","Anna","Nov","YAF","2",6.25,80.6
"1224","Anne","Nov","YAF","2",6.5,80.6
"1225","Dianne","Nov","YAF","2",2.5,80.6
"1226","Firefly","Nov","YAF","2",3.5,80.6
"1227","Lauren","Nov","YAF","3",6.82,80.6
"1228","Nikki","Nov","YAF","2",6.44,80.6
"1229","Pixie","Nov","YAF","2",4.88,80.6
"1230","Stripes","Nov","YAF","3",6,80.6
"1231","Taz","Nov","YAF","3",4.56,80.6
"1232","Acacia","Dec","YAF","2",7,48.8
"1233","Anna","Dec","YAF","3",4.5,48.8
"1234","Apanie","Dec","YAF","2",7.74,48.8
"1235","Blondie","Dec","YAF","3",6.81,48.8
"1236","Bonnie","Dec","YAF","2",3.9,48.8
"1237","Celine","Dec","YAF","2",5.5,48.8
"1238","Delilah","Dec","YAF","2",5.45,48.8
"1239","Dianne","Dec","YAF","2",5.5,48.8
"1240","Ellie","Dec","YAF","2",6.33,48.8
"1241","Esther","Dec","YAF","2",4.15,48.8
"1242","Firefly","Dec","YAF","2",4.25,48.8
"1243","Goggles","Dec","YAF","2",4.22,48.8
"1244","Hazel","Dec","YAF","3",5,48.8
"1245","Julliet","Dec","YAF","2",4.8,48.8
"1246","Justine","Dec","YAF","2",3.75,48.8
"1247","Lauren","Dec","YAF","2",6.64,48.8
"1248","Longnose","Dec","YAF","1",5.91,48.8
"1249","Mollie","Dec","YAF","2",4.13,48.8
"1250","Nikita","Dec","YAF","2",4.54,48.8
"1251","Nikki","Dec","YAF","2",7.75,48.8
"1252","Qantas","Dec","YAF","3",6,48.8
"1253","Storm","Dec","YAF","2",4.44,48.8
"1254","Stripes","Dec","YAF","3",6.45,48.8
"1255","Anna","Jan","YAF","2",4.89,149.15
"1256","Bonnie","Jan","YAF","1",5.67,149.15
"1257","Camilla","Jan","YAF","1",5.17,149.15
"1258","Cotton","Jan","YAF","3",6.44,149.15
"1259","Deberah","Jan","YAF","1",6.5,149.15
"1260","Delilah","Jan","YAF","2",6.375,149.15
"1261","Dianne","Jan","YAF","3",5.45,149.15
"1262","Esther","Jan","YAF","2",5.73,149.15
"1263","Justine","Jan","YAF","2",3.75,149.15
"1264","Lumpy","Jan","YAF","1",5.4,149.15
"1265","Nikita","Jan","YAF","1",4.44,149.15
"1266","Qantas","Jan","YAF","2",7.8,149.15
"1267","Anna","Feb","YAF","2",2.82,135.3
"1268","Cotton","Feb","YAF","3",8.67,135.3
"1269","Deberah","Feb","YAF","2",8,135.3
"1270","Esther","Feb","YAF","2",2.54,135.3
"1271","Granite","Feb","YAF","1",3.27,135.3
"1272","Lumpy","Feb","YAF","1",7.78,135.3
"1273","Lydia","Feb","YAF","3",4.73,135.3
"1274","Opal","Feb","YAF","3",5.3,135.3
"1275","Pebbles","Feb","YAF","2",6.89,135.3
"1276","Qantas","Feb","YAF","2",5.36,135.3
"1277","Anna","Mar","YAF","2",11.44,30.45
"1278","Darcy","Mar","YAF","2",5.375,30.45
"1279","Dianne","Mar","YAF","2",9.91,30.45
"1280","Ditto","Mar","YAF","2",8.54,30.45
"1281","Emma","Mar","YAF","3",7.22,30.45
"1282","Esther","Mar","YAF","2",9.33,30.45
"1283","Lumpy","Mar","YAF","1",4.07,30.45
"1284","Lydia","Mar","YAF","3",4.09,30.45
"1285","Opal","Mar","YAF","3",4.5,30.45
"1286","Poppy","Mar","YAF","1",4.1,30.45
"1287","Yvonne","Mar","YAF","2",10.54,30.45
"1288","Cotton","Apr","YAF","2",7.11,66.2
"1289","Darcy","Apr","YAF","1",7.42,66.2
"1290","Dianne","Apr","YAF","1",6.3,66.2
"1291","Esther","Apr","YAF","2",5.4,66.2
"1292","Lumpy","Apr","YAF","1",9.1,66.2
"1293","Lydia","Apr","YAF","3",6.44,66.2
"1294","Opal","Apr","YAF","2",7.785,66.2
"1295","Poppy","Apr","YAF","2",5.875,66.2
"1296","Susan","Apr","YAF","2",8.11,66.2
"1297","Yvonne","Apr","YAF","1",5.25,66.2
"1298","Julliet","May","YAF","1",4,59.8
"1299","Lumpy","May","YAF","1",6.1,59.8
"1300","Susan","May","YAF","2",6.56,59.8
"1301","Jacquei","Jun","YAF","3",3.67,47.1
"1302","Lumpy","Jun","YAF","1",5,47.1
"1303","Susan","Jul","YAF","1",3.44,47.1
"1304","Lauren","Oct","YAF","2",4,59.55
"1305","Martha","Dec","YAF","3",8,78.5
